<?xml version="1.0" encoding="UTF-8"?>
<addon id="plugin.video.pikpak"
version="0.0.1"
name="Pikpak"
provider-name="mypikpak.com">
<requires>
  <import addon="xbmc.python" version="3.0.0"/>
  <import addon="script.module.xbmcswift2" version="19.0.7" />
  <import addon="script.module.requests" version="2.27.1"/>
</requires>
<extension point="xbmc.python.pluginsource" library="main.py">
  <provides>video</provides>
</extension>
<extension point="xbmc.addon.metadata">
  <summary lang="en">Pikpak</summary>
  <description lang="en_GB">Pikpak</description>
  <disclaimer lang="en_GB">Pikpak</disclaimer>
  <assets>
    <icon>icon.png</icon>
    <fanart>fanart.jpg</fanart>
    <screenshot>resources\screenshot-01.jpg</screenshot>
    <screenshot>resources\screenshot-02.jpg</screenshot>
    <screenshot>resources\screenshot-03.jpg</screenshot>    
  </assets>
  <news>第一版也是最后一版</news>
</extension>
</addon>
